{
 "config": {
    "subject_id": "Sxxx",
    "reconall_options": "-qcache -all",
    "hippocampal_subfields": false,
    "brainstem_structures": false,
    "thalamic_nuclei": false,
    "cerebellum":false,
    "hcp":false,
    "mori":false,
    "aparc2009":false,
    "neuropythy_analysis": false,
    "register_surfaces": false,
    "convert_surfaces": false,
    "convert_volumes": true,
    "convert_stats": true,
    "run_gtmseg": false,
    "freesurfer_license": "Paste your license here!!"
    }
  }
